{"transforms_list": [[{"r": 0, "c": 0, "z": 0}, "similarity", [[1.0, -0.0, 0.0], [0.0, 1.0, 0.0], [0.0, 0.0, 1.0]]], [{"r": 1, "c": 0, "z": 0}, "similarity", [[1.0, -0.0, -6.495999813079834], [0.0, 1.0, -8.241999626159668], [0.0, 0.0, 1.0]]]], "version": "0.0.0"}