{"transforms_list": [[{"r": 0, "z": 0, "c": 0}, "similarity", [[1.0, -0.0, 0.0], [0.0, 1.0, 0.0], [0.0, 0.0, 1.0]]], [{"r": 1, "z": 0, "c": 0}, "similarity", [[1.0, -0.0, 8.331999778747559], [0.0, 1.0, 6.814000129699707], [0.0, 0.0, 1.0]]]], "version": "0.0.0"}