y,x,text,segments
792.7538323024048,870.0700230645814,"T,G,T",NS
700.119124130082,840.1947923547139,"T,T,C",NA
710.6506802796036,871.3596013686044,"T,T,C",NA
674.5424877669581,909.8320207719588,"T,T,C",NA
679.270941548376,913.4858259666908,"T,T,C",NA
