y,x,text,segments
701.0143181203264,841.1307074359911,"T,T,C",NA
784.7417346659724,802.9764416683549,"T,T,C",NA
772.8185266135861,817.2842913312186,"T,C,C",NP
786.5964559185659,829.7374197414887,"T,T,C",NA
782.8870134133791,849.8743933410744,"G,G,C",PA
784.2118143080887,872.3960085511375,"T,T,C",NA
789.7759780658689,884.0542564245818,"T,T,0",invalid
785.0066948449145,890.9432210770717,"T,T,0",invalid
793.4854205710558,901.5416282347484,"G,G,C",PA
766.7244424979222,845.8999906569456,"C,G,C",PB1
754.8012344455358,889.883380361304,"0,G,0",invalid
772.0236460767605,913.9947566450184,"0,G,C",invalid
740.2284246037303,905.7809910978192,"0,G,C",invalid
737.5788228143113,919.8238805817408,"T,T,C",NA
730.1599378039375,902.336508771574,"G,G,C",PA
722.4760926146218,850.6692738779002,"T,T,C",NA
724.5957740461572,857.8231987093319,"T,T,C",NA
692.2706322152433,906.0459512767608,"0,G,C",invalid
688.5611897100564,888.8235396455364,"0,0,C",invalid
678.7576630892055,898.3621060874453,"0,G,C",invalid
657.825808952794,903.6613096662836,"0,G,C",invalid
669.2190966472964,911.8750752134832,"G,G,C",PA
666.8344550368191,902.601468950516,"G,0,0",invalid
781.8271726976114,882.9944157088141,"T,0,0",invalid
