y,x,text,segments
657.2090132237385,853.0055292056995,"G,G,C",PA
710.201049012122,860.9543345739571,"T,T,C",NA
710.201049012122,872.0826620895176,"T,C,C",NP
726.8935402854629,902.81804284678,"T,T,C",NA
701.4573631070388,933.0235032461588,"T,C,C",NP
763.1930848005056,945.4766316564288,"T,T,C",NA
745.9706731692809,848.7661663426288,"G,G,C",PA
685.0298320126399,839.2275999007198,"0,G,C",invalid
