y,x,text,segments
778.9527170063361,824.4193273998937,"C,G,C",PB1
795.3802481007351,858.864150662343,"T,T,C",NA
798.0298498901543,901.2577792930498,"T,T,C",NA
667.9344020296727,907.616823587656,"T,T,C",NA
703.9689863657735,806.1370750529013,"T,T,C",NA
684.8918534819554,832.1031725892093,"C,G,C",PB1
750.601977859551,923.7793945031128,"0,0,C",invalid
676.9430481136978,895.4286553563277,"T,T,C",NA
797.4999295322705,942.0616468501051,"0,0,C",invalid
653.3615921878671,802.4276325477146,"0,T,C",invalid
