y,x,text,segments
662.7217503842876,898.3602301486783,"T,T,C",NA
652.9182237634367,913.1980001694258,"G,G,C",PA
696.901613467795,850.6673979391331,"G,G,C",PA
719.423228677858,845.8981147181786,"0,G,C",invalid
731.3464367302442,827.6158623711863,"0,T,0",invalid
766.0562201716355,807.4788887716006,"0,T,0",invalid
786.988074308047,834.7697872026181,"A,G,0",invalid
789.6376760974662,841.9237120340499,"A,G,C",PB2
785.9282335922793,868.4197299282416,"C,G,C",PB1
789.6376760974662,872.6590927913123,"C,G,C",PB1
793.8770389605369,869.2146104650674,"C,G,C",PB1
779.5691892976733,901.0098319380976,"T,G,A",M
786.1931937712212,902.599593011749,"T,G,T",NS
783.2786318028601,928.0357701901733,"C,G,C",PB1
766.8511007084612,886.437022096292,"T,C,C",NP
755.9877333718426,901.0098319380976,"T,A,C",HA
751.7483705087719,891.7362256751304,"T,A,C",HA
737.9704412037922,871.8642122544866,"T,T,C",NA
704.8504188360525,899.9499912223298,"T,T,C",NA
710.9445029517167,935.7196153794888,"T,TG,C",NA
783.2786318028601,829.2056234448378,"0,0,C",invalid
