y,x,text,segments
737.3727182200494,811.4263580056637,"A,G,C",PB2
735.8043122180592,823.450804020921,"AT,G,C",PB2
719.8588511978267,861.8767510696783,"A,0,C",invalid
658.6910171202129,823.9736060215844,"1,A,1",invalid
663.9190371268467,858.7399390656982,"0,AG,C",invalid
652.1559921119209,863.1837560713368,"T,A,C",HA
768.4794372595195,945.263670175485,"T,A,C",HA
745.9989512309949,861.8767510696783,"T,A,C",HA
748.35156023398,838.350661039827,"T,A,C",HA
653.9857991142427,947.3548781781384,"0,A,C",invalid
686.6609241557029,802.5387239943865,"T,0,A",invalid
673.0680721384555,828.417423027223,"T,0,A",invalid
715.6764351925196,824.2350070219161,"T,G,A",M
772.6618532648264,818.2227840142874,"T,G,A",M
696.5941621683069,930.6252141569108,"T,0,A",invalid
654.2472001145744,880.9590240938911,"G,G,C",PA
759.5918032482423,835.7366510365101,"G,G,C",PA
772.9232542651581,837.0436560381685,"G,G,C",PA
673.5908741391188,838.6120620401587,"T,G,T",NS
770.0478432615096,920.9533771446386,"T,G,T",NS
793.573933291361,834.4296460348517,"0,G,C",invalid
769.5250412608463,848.8067010530942,"0,G,C",invalid
750.1813672363018,811.6877590059953,"T,0,C",invalid
743.6463422280096,815.6087740109706,"T,C,C",NP
726.6552772064504,878.3450140905743,"T,T,C",NA
698.946771171292,828.9402250278864,"T,0,T",invalid
671.4996661364654,856.6487310630447,"T,T,C",NA
663.1348341258515,819.7911900162776,"0,T,C",invalid
684.0469141523861,812.4719620069905,"T,0,T",invalid
746.5217532316582,852.9891170584012,"0,G,T",invalid
771.0934472628363,870.2415830802922,"T,G,T",NS
664.1804381271783,941.081254170178,"0,0,T",invalid
795.4037402936827,877.2994100892477,"T,G,T",NS
795.9265422943461,840.7032700428122,"T,0,T",invalid
785.2091012807472,900.3026981184357,"0,G,C",invalid
653.9857991142427,825.5420120235746,"T,0,C",invalid
667.8400521318218,913.6341491353514,"C,0,C",invalid
737.3727182200494,935.5918331632128,"T,G,T",NS
710.1870141855543,942.6496601721682,"T,0,C",invalid
697.6397661696336,949.1846851804604,"T,T,C",NA
761.9444122512274,878.8678160912377,"0,G,T",invalid
686.6609241557029,855.6031270617179,"T,0,T",invalid
686.1381221550397,914.4183521363464,"T,0,T",invalid
711.7554201875446,843.8400820467923,"A,0,C",invalid
652.1559921119208,932.7164221595642,"T,G,T",NS
792.2669282897025,922.7831841469604,"T,0,C",invalid
652.6787941125842,905.5307181250693,"G,G,C",PA
731.883297213084,917.293763139995,"T,0,C",invalid
710.7098161862177,890.8922621064951,"T,0,C",invalid
