y,x,text,segments
736.1254877702954,841.0173748594514,"T,T,C",NA
718.1081956022451,816.6410383967949,"0,G,C",invalid
758.9120631593004,842.342175754161,"0,A,C",invalid
774.2797535379316,846.0516182593478,"0,A,C",invalid
787.2628023060856,809.4871135653632,"0,G,C",invalid
759.971903875068,874.6673175850749,"0,G,A",invalid
739.5699700965404,905.9326187002212,"0,0,TC",invalid
748.8435763595076,915.4711851421304,"0,0,C",invalid
684.7232130555634,917.3259063947236,"0,0,T",invalid
759.4419835171842,859.2996272064437,"0,G,C",invalid
764.4762269170807,861.9492289958629,"0,G,C",invalid
