y,x,text,segments
687.7939954419286,805.5629731026793,"T,T,C",NA
652.5542916426535,846.3668406597346,"0,T,0",invalid
684.8794334735675,852.9908451332825,"T,T,C",NA
697.5975220627795,834.9735529652321,"0,C,C",invalid
701.3069645679664,847.9566017333862,"0,T,C",invalid
712.170331904585,842.9223583334897,"0,G,T",invalid
666.8621413055171,888.4955091114995,"T,T,C",NA
709.2557699362239,933.0088191737416,"T,T,C",NA
714.2900133361204,911.2820845005044,"0,T,C",invalid
715.084893872946,921.6155314792392,"0,G,C",invalid
746.0852348091505,895.3844737639894,"0,T,C",invalid
751.6493985669308,889.2903896483252,"0,T,C",invalid
768.8718101981553,901.7435180585952,"0,T,C",invalid
788.7438236187993,835.5034733231159,"0,T,0",invalid
785.0343811136124,857.4951681752951,"0,G,A",invalid
754.8289207142337,808.7424952499823,"0,T,0",invalid
739.1962701566606,846.8967610176185,"0,G,C",invalid
730.4525842515774,802.3834509553762,"0,C,C",invalid
790.0686245135089,919.495850047704,"0,T,0",invalid
754.8289207142337,913.4017659320398,"0,G,C",invalid
666.0672607686913,946.5217882997796,"0,T,0",invalid
650.964530569002,945.9918679418956,"0,G,C",invalid
792.453266123986,856.7002876384694,"0,0,T",invalid
748.4698764196278,947.3166688366052,"0,G,C",invalid
