y,x,text,segments
712.5535409133868,841.2508322046177,"A,0,C",invalid
774.2892626068536,849.9945181097011,"A,0,0",invalid
793.6313556696136,895.037748529827,"A,0,0",invalid
777.9987051120404,938.7561780552436,"TA,0,C",invalid
713.8783418080964,884.1743811932084,"T,A,C",HA
665.1256688827835,822.7036196786835,"T,A,0",invalid
786.7423910171237,906.6959964032716,"T,A,0",invalid
771.3747006384925,905.371195508562,"T,A,0",invalid
777.9987051120404,875.4306952881252,"T,A,1",invalid
781.7081476172273,850.7893986465268,"T,G,A",M
785.1526299434722,941.1408196657208,"T,G,A",M
708.0492178713741,830.917385225883,"T,G,T",NS
655.0571820829906,905.10623532962,"T,T,C",NA
656.6469431566421,935.8416160868824,"T,T,C",NA
761.0412536597578,807.0709691211104,"T,T,C",NA
765.2806165228284,873.0460536776479,"T,T,0",invalid
708.8440984081999,811.0453718052391,"T,0,T",invalid
672.8095140720991,843.1055534572112,"T,0,T",invalid
681.5531999771824,846.5500357834561,"T,0,T",invalid
659.0315847671194,820.5839382471481,"0,1,T",invalid
796.5459176379748,849.7295579307593,"T,TG,T",NS
759.1865324071643,852.6441198991204,"T,0,T",invalid
799.4604796063358,914.1148814136452,"C,0,C",invalid
679.4335185456471,858.4732438358426,"T,C,C",NP
777.7337449330985,855.5586818674815,"C,0,0",invalid
795.4860769222071,874.1058943934157,"C,0,0",invalid
718.382664850109,842.0457127414436,"T,C,C",NP
788.0671919118333,925.5081691081476,"T,C,C",NP
676.7839167562279,821.643778962916,"T,T,C",NA
732.9554746919144,844.165394172979,"T,0,T",invalid
756.5369306177452,878.0802970775444,"A,0,C",invalid
706.1944966187807,825.6181816470447,"T,G,T",NS
667.2453503143189,945.3801825287916,"C,0,0",invalid
681.0232796192986,937.166416981592,"T,T,C",NA
794.1612760274975,913.0550406978774,"T,TC,C","NA,NP"
