y,x,text,segments
665.9821319611992,928.2392772026124,"T,T,C",NA
737.2564200965751,936.718002928754,"T,T,C",NA
770.111482285373,908.8971841398524,"T,0,0",invalid
771.1713230011405,883.7259671403704,"C,0,C",invalid
788.1287744534234,855.1102678146431,"T,T,C",NA
