y,x,text,segments
777.1874090989941,913.0087822559368,"G,0,C",invalid
688.6689180159758,927.3807881882348,"T,T,C",NA
726.5587518374891,900.9232318128676,"C,G,C",PB1
