y,x,text,segments
777.6246817344422,835.0083548637357,"T,T,C",NA
741.3251372193995,874.7523817050234,"T,T,C",NA
720.6582432619299,874.2224613471395,"T,T,C",NA
666.3414065788368,922.9751342724524,"T,T,0",invalid
655.7429994211601,926.4196165986972,"T,T,0",invalid
719.3334423672204,834.2134743269099,"0,G,C",invalid
796.9667747972022,814.606421085208,"0,G,C",invalid
