y,x,text,segments
660.284453113249,851.6380992197003,"A1,G,1",invalid
689.1651126179181,844.4841743882685,"A,G,1",invalid
704.7977631754912,813.2188732731222,"A,G,CA",PB2
662.6690947237263,814.5436741678317,"A,1,1",invalid
657.1049309659461,819.8428777466701,"A,1,1",invalid
699.4985595966529,828.8515238306953,"A,1,1",invalid
688.9001524389762,813.748793631006,"1,1,A",invalid
737.9177855432309,815.6035148835994,"T,G,A",M
733.6784226801602,823.5523202518569,"G,TG,C",PA
668.7631788393904,849.5184177881649,"GA,G,1",invalid
714.3363296174005,800.2358245049681,"T,CT,CT","NP,NA"
681.4812674286026,845.5440151040361,"1,1,1",invalid
660.2844531132491,868.330590493041,"0,T,1",invalid
683.335988681196,863.8262674510285,"T,TG,0",invalid
653.9254088186432,825.9369618623342,"T,TG,A1",M
669.8230195551582,833.3558468727078,"C,G,1",invalid
669.5580593762163,843.9542540303846,"C,G,1",invalid
773.1574893425061,844.7491345672104,"T,G,T",NS
657.899811502772,907.5446969764448,"C,G,C",PB1
707.7123251438525,945.1690423861972,"T,T,C",NA
700.2934401334787,930.0663121865078,"T,T,C",NA
724.4048164171933,829.911364546463,"G1,A,1",invalid
