y,x,text,segments
782.4976590879271,811.2371056847275,"T,C,C",NP
753.616999583258,817.3311898003916,"T,C,C",NP
655.3167731958066,830.0492783896036,"T,TA,C","NA,HA"
698.770242542281,806.202862284831,"T,T,C",NA
748.8477163623036,844.887048410351,"TG,G,CA","PA,M"
759.7110836989222,809.1174242531921,"G,G,C",PA
781.4378183721594,864.229141473111,"A,G,C",PB2
723.4115391838794,800.3737383481089,"T,G,T",NS
712.018251489377,802.7583799585861,"0,T,0",invalid
777.7283758669726,879.3318716728003,"T,0,C",invalid
710.4284904157255,949.8112792713504,"T,0,0",invalid
762.3606854883413,831.6390394632551,"T,G,A",M
768.4547696040054,852.8358537786086,"T,A,0",invalid
771.3693315723665,900.5286859881537,"T,G,A",M
741.6937915308717,830.8441589264294,"T,G,0",invalid
745.6681942150005,800.3737383481089,"G,G,C",PA
767.6598890671796,841.442566084106,"A,G,C",PB2
747.257955288652,948.4864783766408,"A,G,C",PB2
672.5391848270312,807.7926233584825,"T,T,C",NA
