y,x,text,segments
733.417400598027,837.9858570572824,"C,0,C",invalid
790.9054243272197,897.1070632787817,"T,T,C",NA
705.3266617303534,946.7558110449024,"T,T,C",NA
