y,x,text,segments
690.8369119528458,803.7635865171982,"T,T,C",NA
710.1084653620637,832.5075983817945,"T,T,C",NA
717.9477413251354,901.4278995571334,"T,T,C",NA
654.2536241251777,806.3766785048888,"T,T,C",NA
