y,x,text,segments
673.8079518505809,842.5709986384725,"0,0,C",invalid
