y,x,text,segments
796.5492623279699,875.5886164172059,"T,A,C",HA
769.6830476608229,808.7454743253443,"0,0,C",invalid
747.1154273404195,921.5835759273616,"C,0,C",invalid
685.43059846465,880.3170701986238,"T,T,C",NA
670.815377685722,949.7393688985316,"T,T,C",NA
669.3108696643618,942.6466882264048,"0,T,0",invalid
