y,x,text,segments
778.1800101980473,803.6239103484115,"G,G,C",PA
679.5305770367993,901.8462896864507,"T,T,C",NA
791.4186787175222,933.2347456923025,"T,T,0",invalid
770.9200952034967,815.1543635750509,"T,T,0",invalid
659.0319935227737,896.9351707195488,"T,T,0",invalid
