y,x,text,segments
738.0189686601447,892.4411686838657,"T,T,C",NA
654.1223936305962,831.2807928493169,"T,T,C",NA
728.4697649982448,886.5297568931658,"C,0,0",invalid
