y,x,text,segments
692.2027362313944,822.5992770998273,"T,A,0",invalid
778.1418968933649,853.502057474851,"T,A,0",invalid
698.3832923063991,839.9636965486501,"T,T,C",NA
666.303263155184,866.1574818189083,"0,T,C",invalid
656.5909607516052,877.0470329986786,"T,T,C",NA
688.9653020968681,916.7791791951375,"T,G,TC",NS
725.165701964753,908.8327499558458,"0,T,0",invalid
709.2728434861693,917.0734913891854,"T,A,C",HA
689.5539264849638,877.3413451927264,"T,A,C",HA
703.9752239933082,872.6323500879608,"TA,G,C",PB2
666.5975753492319,888.2308963724967,"A,0,C",invalid
674.5440045885236,896.4716378058363,"T,C,0",invalid
698.3832923063991,892.0569548951186,"T,G,A",M
717.513584919509,888.2308963724967,"T,C,C",NP
697.7946679183034,831.4286429212626,"A,G,0",invalid
766.663721325499,843.4954428772243,"T,G,A",M
733.7007555921405,948.8592083463526,"T,1,T",invalid
675.721253364715,940.9127791070608,"T,G,0",invalid
656.5909607516052,806.7064186212438,"C,0,C",invalid
724.2827653826095,808.7666039795786,"G,G,C",PA
793.7404431779007,839.9636965486501,"C,0,0",invalid
799.6266870588577,835.5490136379325,"T,G,T",NS
782.2622676100348,833.1945160855497,"T,0,T",invalid
730.1690092635663,915.0133060308503,"T,0,T",invalid
708.095594709978,931.200476703482,"A,G,C",PB2
709.2728434861693,939.1469059427736,"T,0,C",invalid
