y,x,text,segments
756.3331888528637,916.6388781926468,"T,T,C",NA
743.8318371140712,936.833369463004,"T,T,C",NA
749.120870542022,947.892257539628,"T,T,C",NA
736.6195188032295,949.094310591435,"C,0,C",invalid
677.4785086543267,936.1121376319198,"T,T,C",NA
651.994983956019,910.8690235439736,"T,T,C",NA
656.8031961632469,878.6540017555468,"0,G,C",invalid
