y,x,text,segments
668.5633396763407,884.8429922847652,"T,T,C",NA
682.9640328471352,926.5488958832996,"T,T,C",NA
694.5593961794631,862.7743975554957,"0,G,0",invalid
718.8722547795057,867.2629252970421,"T,T,C",NA
787.8833688057803,807.9769547107844,"G,G,C",PA
781.5246211719231,926.7359178725308,"T,C,C",NP
786.9482588596248,862.2133315878025,"T,T,C",NA
748.421729078019,844.2592206216173,"T,T,0",invalid
727.1012223056739,931.7855115817704,"T,0,A",invalid
