y,x,text,segments
788.5556631706181,926.93276389223,"T,T,0",invalid
770.488632418982,914.7571562117796,"T,T,C",NA
745.3518939819228,918.8811523616096,"C,G,0",invalid
708.4323094024923,912.5969677523448,"T,A,0",invalid
677.7969094323265,944.0178907986688,"0,T,0",invalid
753.7962670506224,874.4990985586771,"T,0,0",invalid
