y,x,text,segments
764.8269817858335,933.6299587857762,"T,T,C",NA
726.1262616144494,943.1726021157066,"T,T,C",NA
706.2457546770946,826.5402947498917,"G,G,C",PA
