y,x,text,segments
764.5571134831566,830.0765258913119,"T,G,A",M
776.2468770470933,837.7917698435101,"C,G,C",PB1
771.1033810789612,863.9768402267282,"T,T,C",NA
751.932168834105,887.823957897159,"T,T,C",NA
722.240169381706,900.2151072749318,"T,T,C",NA
721.0711930253124,854.8588246468577,"T,G,A",M
727.8512558923956,828.6737542636396,"T,0,0",invalid
751.932168834105,861.4050922426621,"0,0,T",invalid
747.2562634085305,907.2289654132936,"G,G,C",PA
