y,x,text,segments
700.3524620617007,868.8758014671238,"T,A,C",HA
716.0518460566169,870.2291966390993,"T,A,C",HA
688.4425845483162,850.7403061626517,"0,T,0",invalid
680.322213516463,830.7100576174138,"T,T,0",invalid
696.5629555801694,833.4168479613649,"0,T,0",invalid
776.1425916923308,856.4245658849488,"T,A,0",invalid
739.6009220489914,877.2668515333721,"T,T,0",invalid
697.9163507521449,949.5381537168656,"0,T,0",invalid
712.2623395750855,807.1609816250394,"0,T,1",invalid
768.8342577636629,807.1609816250394,"0,A,1",invalid
774.247838451565,874.8307402238162,"0,A,C",invalid
710.0969072999246,844.5146883715641,"T,1,1",invalid
742.3077123929424,894.0489516658688,"T,G,A",M
669.4950521406587,869.6878385703092,"T,G,A",M
770.9996900388237,816.364068794473,"T,1,A",invalid
671.3898053814244,818.529501069634,"T,G,T",NS
790.2179014808763,862.1088256072461,"0,G,C",invalid
689.5253006858965,866.4396901575678,"A,G,C",PB2
655.419742352113,889.9887661499422,"A,G,C",PB2
663.5401133839662,891.3421613219176,"0,G,C",invalid
660.56264400562,804.1835122466932,"A,G,C",PB2
746.3678979088688,822.8603656199556,"T,T,C",NA
760.4432076974144,884.8458644964351,"A,0,0",invalid
