y,x,text,segments
783.0203817705673,813.8694875202592,"T,T,C",NA
759.6399897193616,825.2813455452525,"T,A,0",invalid
750.7331736998547,835.3015135671977,"T,C,C",NP
729.5794856535257,834.7448375659786,"T,G,A",M
688.6637995639156,819.436247532451,"T,G,A",M
670.5718295242922,836.6932035702457,"T,T,0",invalid
775.5052557541082,860.9086096232802,"T,G,0",invalid
756.578271712656,872.0421296476638,"T,G,0",invalid
699.7973195882994,871.2071156458351,"T,G,0",invalid
670.5718295242922,873.990495651931,"T,T,0",invalid
680.313659545628,907.1127177244724,"T,T,C",NA
700.0756575889089,914.3495057403218,"T,0,0",invalid
708.1474596065871,928.544743771411,"T,A,C",HA
684.7670675553815,939.399925795185,"T,T,C",NA
673.0768715297786,887.3507196811914,"0,G,0",invalid
650.2531554797921,858.4035676177939,"T,0,C",invalid
674.7468995334361,933.8331657829932,"0,G,C",invalid
663.0567035078333,936.8948837896988,"0,G,0",invalid
