y,x,text,segments
715.7561709255996,918.4124035124186,"T,T,C",NA
678.4367465933486,880.864025656657,"T,0,0",invalid
661.0362788065322,879.4903045155926,"T,T,C",NA
776.1999011324353,836.9049491425947,"0,G,0",invalid
775.2840870383924,900.5540286785808,"0,G,0",invalid
