y,x,text,segments
824.4193273998937,778.9527170063361,"C,G,C",PB1
858.864150662343,795.3802481007351,"T,T,C",NA
901.2577792930498,798.0298498901543,"T,T,C",NA
907.616823587656,667.9344020296727,"T,T,C",NA
806.1370750529013,703.9689863657735,"T,T,C",NA
832.1031725892093,684.8918534819554,"C,G,C",PB1
923.7793945031128,750.601977859551,"0,0,C",invalid
895.4286553563277,676.9430481136978,"T,T,C",NA
942.0616468501051,797.4999295322705,"0,0,C",invalid
799.5130705793534,658.3958355877636,"C,G,C",PB1
802.4276325477146,653.3615921878671,"0,T,C",invalid
799.2481104004115,648.0623886090289,"0,T,0",invalid
